Website, Headline, Link
BBC World News,US election officials reject Trump's fraud claims,=HYPERLINK("https://www.bbc.com/news/election-us-2020-54926084")
BBC World News,Obama: Election fraud claims undermining democracy,=HYPERLINK("https://www.bbc.com/news/election-us-2020-54926299")
BBC World News,'Hundreds massacred' in Ethiopia| says Amnesty,=HYPERLINK("https://www.bbc.com/news/world-africa-54922971")
BBC World News,Too early for Christmas plans| Europeans warned,=HYPERLINK("https://www.bbc.com/news/world-europe-54926301")
BBC World News,Paris remembers 2015 night of jihadist terror,=HYPERLINK("https://www.bbc.com/news/world-europe-54924051")
BBC World News,TikTok lives to see another day in US,=HYPERLINK("https://www.bbc.com/news/technology-54926759")
BBC World News,Wall Street 'old boys club' lets in more women,=HYPERLINK("https://www.bbc.com/news/business-54876529")
BBC World News,Obama: Election fraud claims undermining democracy,=HYPERLINK("https://www.bbc.com/news/election-us-2020-54926299")
BBC World News,'Hundreds massacred' in Ethiopia| says Amnesty,=HYPERLINK("https://www.bbc.com/news/world-africa-54922971")
BBC World News,Too early for Christmas plans| Europeans warned,=HYPERLINK("https://www.bbc.com/news/world-europe-54926301")
BBC World News,Paris remembers 2015 night of jihadist terror,=HYPERLINK("https://www.bbc.com/news/world-europe-54924051")
BBC World News,TikTok lives to see another day in US,=HYPERLINK("https://www.bbc.com/news/technology-54926759")
BBC World News,Wall Street 'old boys club' lets in more women,=HYPERLINK("https://www.bbc.com/news/business-54876529")
BBC World News,Aung San Suu Kyi's party wins majority in election,=HYPERLINK("https://www.bbc.com/news/world-asia-54899170")
BBC World News,US bars investments in 'Chinese military companies',=HYPERLINK("https://www.bbc.com/news/business-54926102")
BBC World News,Belgium expels five Danes over plot to burn Koran,=HYPERLINK("https://www.bbc.com/news/world-europe-54919127")
BBC World News,Sinai peacekeepers killed in helicopter crash,=HYPERLINK("https://www.bbc.com/news/world-middle-east-54920096")
BBC World News,Barcelona plans major increase in 'green' zones,=HYPERLINK("https://www.bbc.com/news/world-europe-54920342")
BBC World News,Do these Republican voters accept election result?,=HYPERLINK("https://www.bbc.com/news/election-us-2020-54922924")
BBC World News,Fears grow for British man detained in Pakistan,=HYPERLINK("https://www.bbc.com/news/world-asia-54921606")
BBC World News,US and China's blame game over the environment,=HYPERLINK("https://www.bbc.com/news/election-us-2020-54719577")
BBC World News,Marooned by conflict: 'My little brother needs medicine',=HYPERLINK("https://www.bbc.com/news/world-africa-54890675")
BBC World News,(Video)  1 minute 52 secondsArmenian protesters urge 'traitor' PM to quit,=HYPERLINK("https://www.bbc.com/news/world-54923839")
BBC World News,(Video)  3 minutes 21 secondsIs American democracy in crisis?,=HYPERLINK("https://www.bbc.com/news/world-us-canada-54910628")
BBC World News,(Video)  3 minutes 25 secondsVW boss: 'We have no forced labour',=HYPERLINK("https://www.bbc.com/news/world-asia-china-54923837")
BBC World News,(Video)  3 minutes 26 secondsDiwali with a difference under Covid-19,=HYPERLINK("https://www.bbc.com/news/world-asia-54911170")
BBC World News,(Video)  30 secondsBigfin squid spotted in Australia for first time,=HYPERLINK("https://www.bbc.com/news/science-environment-54923456")
Reutuers,Paris Jackson wears heart on her sleeve in debut solo album,=HYPERLINK("https://www.reuters.com/article/uk-music-paris-jackson/paris-jackson-wears-heart-on-her-sleeve-in-debut-solo-album-idUKKBN27T0H2?il=0")
Reutuers,Signed| sealed| delivered: Japan to all but scrap centuries-old custom of stamping paperwork,=HYPERLINK("https://www.reuters.com/article/uk-japan-digital-seals/signed-sealed-delivered-japan-to-all-but-scrap-centuries-old-custom-of-stamping-paperwork-idUKKBN27T0GN?il=0")
Reutuers,Biden takes Arizona| cementing presidential win despite Trump's refusal to concede,=HYPERLINK("https://www.reuters.com/article/uk-usa-election/biden-takes-arizona-cementing-presidential-win-despite-trumps-refusal-to-concede-idUKKBN27S0LZ?il=0")
Reutuers,Explainer: Why recounts rarely change the results of U.S. elections,=HYPERLINK("https://www.reuters.com/article/uk-usa-election-recount-explainer/explainer-why-recounts-rarely-change-the-results-of-u-s-elections-idUKKBN27S376?il=0")
Reutuers,Factbox: Who are the top contenders for the Biden administration?,=HYPERLINK("https://www.reuters.com/article/uk-usa-biden-cabinet-factbox/factbox-who-are-the-top-contenders-for-the-biden-administration-idUKKBN27S3BG?il=0")
Reutuers,Factbox: U.S. election: key tallies| undetermined states| certification deadlines,=HYPERLINK("https://www.reuters.com/article/uk-usa-election-tallies-factbox/factbox-u-s-election-key-tallies-undetermined-states-certification-deadlines-idUKKBN27S1QS?il=0")
Reutuers,Factbox: Trump lawsuits seeks to stop Pennsylvania| Michigan from certifying Biden win,=HYPERLINK("https://www.reuters.com/article/uk-usa-election-legal-challenges-factbox/factbox-trump-lawsuits-seeks-to-stop-pennsylvania-michigan-from-certifying-biden-win-idUKKBN27S34M?il=0")
Reutuers,Factbox: What Twitter said worked - and didn't - in its U.S. election measures,=HYPERLINK("https://www.reuters.com/article/uk-usa-election-twitter-factbox/factbox-what-twitter-said-worked-and-didnt-in-its-u-s-election-measures-idUKKBN27S35V?il=0")
Reutuers,Zuckerberg defends not suspending ex-Trump aide Bannon from Facebook - recording,=HYPERLINK("https://www.reuters.com/article/uk-usa-election-facebook/zuckerberg-defends-not-suspending-ex-trump-aide-bannon-from-facebook-recording-idUKKBN27S35C?il=0")
Reutuers,Zuckerberg defends not suspending ex-Trump aide Bannon from Facebook: recording,=HYPERLINK("https://www.reuters.com/article/us-usa-election-facebook/zuckerberg-defends-not-suspending-ex-trump-aide-bannon-from-facebook-recording-idUKKBN27S35P?il=0")
Reutuers,Australia scraps plans to allow foreign students back,=HYPERLINK("https://www.reuters.com/article/uk-health-coronavirus-australia-students/australia-scraps-plans-to-allow-foreign-students-back-idUKKBN27T0B7?il=0")
Reutuers,Germany's confirmed coronavirus cases rise by 23|542 - RKI,=HYPERLINK("https://www.reuters.com/article/uk-health-coronavirus-germany-cases/germanys-confirmed-coronavirus-cases-rise-by-23542-rki-idUKKBN27T0FL?il=0")
Reutuers,Oil falls on COVID-19 surge but on track for weekly gain,=HYPERLINK("https://www.reuters.com/article/uk-global-oil/oil-falls-on-covid-19-surge-but-on-track-for-weekly-gain-idUKKBN27T05R?il=0")
Reutuers,Trot is hot: It's not just K-pop in South Korea,=HYPERLINK("https://www.reuters.com/article/uk-southkorea-kpop-elderly-trot/trot-is-hot-its-not-just-k-pop-in-south-korea-idUKKBN27T0EX?il=0")
Reutuers,Former China finance minister says trade frictions with U.S. could remain under Biden,=HYPERLINK("https://www.reuters.com/article/uk-usa-trade-china-caixin/former-china-finance-minister-says-trade-frictions-with-u-s-could-remain-under-biden-idUKKBN27T0B1?il=0")
Reutuers,Chicago and Detroit told to hunker down as pandemic surges,=HYPERLINK("https://www.reuters.com/article/uk-health-coronavirus-usa/chicago-and-detroit-told-to-hunker-down-as-pandemic-surges-idUKKBN27S2VD?il=0")
Reutuers,U.S. government appeals order blocking TikTok ban from taking effect,=HYPERLINK("https://www.reuters.com/article/us-usa-tiktok/u-s-government-appeals-order-blocking-tiktok-ban-from-taking-effect-idUKKBN27S370?il=0")
Reutuers,Philippine police say typhoon death toll at 26 as cleanup begins,=HYPERLINK("https://www.reuters.com/article/uk-asia-storm-philippines/philippine-police-say-typhoon-death-toll-at-26-as-cleanup-begins-idUKKBN27T07F?il=0")
Reutuers,Suu Kyi's party wins enough seats to form Myanmar's next government,=HYPERLINK("https://www.reuters.com/article/uk-myanmar-election/suu-kyis-party-wins-enough-seats-to-form-myanmars-next-government-idUKKBN27T0BU?il=0")
Reutuers,Daimler to revamp China plant to make Actros trucks as sales surge,=HYPERLINK("https://www.reuters.com/article/uk-daimler-china/daimler-to-revamp-china-plant-to-make-actros-trucks-as-sales-surge-idUKKBN27T0E8?il=0")
Reutuers,UK reports record daily total of 33|470 COVID-19 cases,=HYPERLINK("https://www.reuters.com/article/uk-health-coronavirus-britain-data/uk-reports-record-daily-total-of-33470-covid-19-cases-idUKKBN27S2IP")
Reutuers,								Biden takes Arizona| cementing presidential win despite Trump's refusal to concede,=HYPERLINK("https://www.reuters.com/article/uk-usa-election/biden-takes-arizona-cementing-presidential-win-despite-trumps-refusal-to-concede-idUKKBN27S0LZ")
Reutuers,								Asian stocks fall as virus spread accelerates,=HYPERLINK("https://www.reuters.com/article/uk-global-markets/asian-stocks-fall-as-virus-spread-accelerates-idUKKBN27T027")
Reutuers,								UK regulators will intervene if full Brexit upends markets| says FCA's Delfas,=HYPERLINK("https://www.reuters.com/article/uk-britain-eu-markets/uk-regulators-will-intervene-if-full-brexit-upends-markets-says-fcas-delfas-idUKKBN27S1XG")
Reutuers,								Johnson's senior adviser Cummings expected to resign by year-end - BBC,=HYPERLINK("https://www.reuters.com/article/uk-britain-politics-cummings/johnsons-senior-adviser-cummings-expected-to-resign-by-year-end-bbc-idUKKBN27T01U")
Reutuers, 		House price growth hits 21-year high - RICS,=HYPERLINK("https://www.reuters.com//uk.reuters.com/article/uk-britain-economy-houseprices/uk-house-price-growth-hits-21-year-high-weaker-2021-likely-rics-idUKKBN27S00D")
Reutuers, 		Weak bank CEO benches will be hard to strengthen,=HYPERLINK("https://www.reuters.com//uk.reuters.com/article/us-banks-ceo-breakingviews/breakingviews-weak-bank-ceo-benches-will-be-hard-to-strengthen-idUKKBN27S25P")
Reutuers,England ease to first win over Ireland since 1985,=HYPERLINK("https://www.reuters.com/article/uk-soccer-friendly-eng-irl-report/england-ease-to-first-win-over-ireland-since-1985-idUKKBN27S38P")
Reutuers,Argentina draw 1-1 with Paraguay in World Cup qualifier,=HYPERLINK("https://www.reuters.com/article/uk-soccer-worldcup-arg-pry-report/argentina-draw-1-1-with-paraguay-in-world-cup-qualifier-idUKKBN27T09B")
Reutuers,Rashford and Coady to miss England's Nation League games,=HYPERLINK("https://www.reuters.com/article/uk-soccer-england/rashford-and-coady-to-miss-englands-nation-league-games-idUKKBN27S3DR")
Reutuers,								Tesco fast tracks emissions target with solar push,=HYPERLINK("https://www.reuters.com/article/uk-tesco-emissions/tesco-fast-tracks-emissions-target-with-solar-push-idUKKBN27T001")
Reutuers,								Trump bans U.S. investments in firms linked to Chinese military,=HYPERLINK("https://www.reuters.com/article/uk-usa-china-securities-exclusive/trump-bans-u-s-investments-in-firms-linked-to-chinese-military-idUKKBN27S2X1")
Reutuers,								Philippine police say typhoon death toll at 26 as cleanup begins,=HYPERLINK("https://www.reuters.com/article/uk-asia-storm-philippines/philippine-police-say-typhoon-death-toll-at-26-as-cleanup-begins-idUKKBN27T07F")
Reutuers,								Has Disney put the worst of the pandemic behind it?,=HYPERLINK("https://www.reuters.com/article/uk-walt-disney-results/has-disney-put-the-worst-of-the-pandemic-behind-it-idUKKBN27S35E")
Reutuers,								Ethiopia claims big advance in Tigray| Amnesty reports mass killing,=HYPERLINK("https://www.reuters.com/article/uk-ethiopia-conflict/ethiopia-claims-big-advance-in-tigray-amnesty-reports-mass-killing-idUKKBN27S0KC")
Reutuers,								Australia forecasts prolonged wildfire seasons| more droughts from climate change,=HYPERLINK("https://www.reuters.com/article/uk-climate-change-australia/australia-forecasts-prolonged-wildfire-seasons-more-droughts-from-climate-change-idUKKBN27T015")
Reutuers,Oil falls on COVID-19 surge but on track for weekly gain,=HYPERLINK("https://www.reuters.com/article/uk-global-oil/oil-falls-on-covid-19-surge-but-on-track-for-weekly-gain-idUKKBN27T05R")
Reutuers,Former China finance minister says trade frictions with U.S. could remain under Biden,=HYPERLINK("https://www.reuters.com/article/uk-usa-trade-china-caixin/former-china-finance-minister-says-trade-frictions-with-u-s-could-remain-under-biden-idUKKBN27T0B1")
Reutuers,Daimler to revamp China plant to make Actros trucks as sales surge,=HYPERLINK("https://www.reuters.com/article/uk-daimler-china/daimler-to-revamp-china-plant-to-make-actros-trucks-as-sales-surge-idUKKBN27T0E8")
Reutuers,Oil falls on COVID-19 surge but on track for weekly gain,=HYPERLINK("https://www.reuters.com/article/us-global-oil/oil-falls-on-covid-19-surge-but-on-track-for-weekly-gain-idUKKBN27T05W")
Reutuers,Japan's GDP seen shrinking less than previously expected this fiscal year: Reuters poll,=HYPERLINK("https://www.reuters.com/article/us-japan-economy-poll/japans-gdp-seen-shrinking-less-than-previously-expected-this-fiscal-year-reuters-poll-idUKKBN27T0F9")
Reutuers,Former China finance minister says trade frictions with U.S. could remain under Biden,=HYPERLINK("https://www.reuters.com/article/us-usa-trade-china-caixin/former-china-finance-minister-says-trade-frictions-with-u-s-could-remain-under-biden-idUKKBN27T0AC")
Reutuers,UK man charged after car crashes into police station,=HYPERLINK("https://www.reuters.com/article/uk-britain-security/uk-man-charged-after-car-crashes-into-police-station-idUKKBN27S34K")
Reutuers,UK daily COVID-19 death toll falls slightly to 563,=HYPERLINK("https://www.reuters.com/article/uk-health-coronavirus-britain-toll/uk-daily-covid-19-death-toll-falls-slightly-to-563-idUKKBN27S314")
Reutuers,Northern Ireland parties reach deal to extend COVID-19 restrictions,=HYPERLINK("https://www.reuters.com/article/uk-health-coronavirus-nireland/northern-ireland-parties-reach-deal-to-extend-covid-19-restrictions-idUKKBN27S2XR")
Reutuers,Paris Jackson wears heart on her sleeve in debut solo album,=HYPERLINK("https://www.reuters.com/article/uk-music-paris-jackson/paris-jackson-wears-heart-on-her-sleeve-in-debut-solo-album-idUKKBN27T0H2")
Reutuers,Signed| sealed| delivered: Japan to all but scrap centuries-old custom of stamping paperwork,=HYPERLINK("https://www.reuters.com/article/uk-japan-digital-seals/signed-sealed-delivered-japan-to-all-but-scrap-centuries-old-custom-of-stamping-paperwork-idUKKBN27T0GN")
Reutuers,Factbox: U.S. election: key tallies| undetermined states| certification deadlines,=HYPERLINK("https://www.reuters.com/article/uk-usa-election-tallies-factbox/factbox-u-s-election-key-tallies-undetermined-states-certification-deadlines-idUKKBN27S1QS")
Reutuers,Zuckerberg defends not suspending ex-Trump aide Bannon from Facebook: recording,=HYPERLINK("https://www.reuters.com/article/us-usa-election-facebook/zuckerberg-defends-not-suspending-ex-trump-aide-bannon-from-facebook-recording-idUKKBN27S35P")
Reutuers,U.S. government appeals order blocking TikTok ban from taking effect,=HYPERLINK("https://www.reuters.com/article/us-usa-tiktok/u-s-government-appeals-order-blocking-tiktok-ban-from-taking-effect-idUKKBN27S370")
Reutuers,Factbox: List of 31 Chinese companies designated by the U.S. as military-backed,=HYPERLINK("https://www.reuters.com/article/us-usa-china-securities-companies-factbo/factbox-list-of-31-chinese-companies-designated-by-the-u-s-as-military-backed-idUKKBN27T081")
Reutuers,Joyous Scots sink Serbia to reach Euro 2020,=HYPERLINK("https://www.reuters.com/article/uk-soccer-euro-srb-sco-report/joyous-scots-sink-serbia-to-reach-euro-2020-idUKKBN27S3B8")
Reutuers,England ease to first win over Ireland since 1985,=HYPERLINK("https://www.reuters.com/article/uk-soccer-friendly-eng-irl-report/england-ease-to-first-win-over-ireland-since-1985-idUKKBN27S38P")
Reutuers,Argentina draw 1-1 with Paraguay in World Cup qualifier,=HYPERLINK("https://www.reuters.com/article/uk-soccer-worldcup-arg-pry-report/argentina-draw-1-1-with-paraguay-in-world-cup-qualifier-idUKKBN27T09B")
The New York Times,U.S. Troops Are Still Leaving| but Afghans Hope Biden Will Help,=HYPERLINK("https://www.nytimes.com/2020/11/12/world/asia/biden-afghanistan-withdrawal.html")
The New York Times,Nobel Peace Prize: A Growing List of Questionable Choices,=HYPERLINK("https://www.nytimes.com/2020/11/12/world/nobel-peace-prize-list.html")
The New York Times,Syria Seeks Return of Refugees| but They Fear Leader’s Wrath,=HYPERLINK("https://www.nytimes.com/2020/11/12/world/middleeast/12syria-refugees-assad.html")
The New York Times,Video of Corpse in Hospital Bathroom Alarms Italy as Covid Spreads,=HYPERLINK("https://www.nytimes.com/2020/11/12/world/europe/italy-coronavirus-bathroom-death.html")
The New York Times,A Police Swarm. Frantic Calls. Then 3|000 People Locked Inside.,=HYPERLINK("https://www.nytimes.com/2020/11/12/world/australia/melbourne-towers-lockdown.html")
The New York Times,As Hong Kong Opposition Quits Council| Pro-Beijing Forces Reign,=HYPERLINK("https://www.nytimes.com/2020/11/12/world/asia/hong-kong-resignations.html")
The New York Times,Blackpink Cuddled a Baby Panda. Not Cute| the Chinese Internet Said.,=HYPERLINK("https://www.nytimes.com/2020/11/12/world/asia/blackpink-panda-controversy.html")
The New York Times,Argentina to Allow Medicinal Marijuana to Be Grown at Home,=HYPERLINK("https://www.nytimes.com/2020/11/12/world/americas/argentina-cannabis-marijuana.html")
The New York Times,European Union Tries to Counter Anti-L.G.B.T.Q. Wave in Hungary and Poland,=HYPERLINK("https://www.nytimes.com/2020/11/12/world/europe/hungary-poland-lgbt-rights-eu.html")
The New York Times,Gunman Fires on Saudi Embassy in The Hague,=HYPERLINK("https://www.nytimes.com/2020/11/12/world/europe/saudi-embassy-hague-shooting.html")
The New York Times,At Least 74 Drown in Wreck Off Libya| U.N. Agency Says,=HYPERLINK("https://www.nytimes.com/2020/11/12/world/middleeast/libya-shipwreck-migrants.html")
The New York Times,How the Dream of Hong Kong Democracy Was Dimmed,=HYPERLINK("https://www.nytimes.com/2020/11/11/world/asia/hong-kong-china-timeline.html")
The New York Times,Brexit Hard-liners Lose Battle as Aide to U.K’s Johnson Quits,=HYPERLINK("https://www.nytimes.com/2020/11/12/world/europe/lee-cain-quits.html")
The New York Times,British Nurse Is Charged With Murder of Several Babies in Her Care,=HYPERLINK("https://www.nytimes.com/2020/11/12/world/europe/uk-nurse-murder-babies.html")
The New York Times,Reconsidering Melbourne’s Public Housing Lockdown,=HYPERLINK("https://www.nytimes.com/2020/11/12/world/australia/melbourne-public-housing-lockdown.html")
The New York Times,Your Friday Briefing,=HYPERLINK("https://www.nytimes.com/2020/11/12/briefing/your-friday-briefing.html")
The New York Times,Tiger Woods Starts Strong at the Masters as Paul Casey Leads an Incomplete Round,=HYPERLINK("https://www.nytimes.com/2020/11/12/sports/golf/masters-leaderboard-day-1.html")
The New York Times,Coronavirus Briefing: What Happened Today,=HYPERLINK("https://www.nytimes.com/2020/11/12/us/coronavirus-today.html")
The New York Times,Ivy League Cancels Winter Sports and Stalls Spring Sports Over Coronavirus,=HYPERLINK("https://www.nytimes.com/2020/11/12/sports/ivy-league-winter-spring-sports-coronavirus.html")
The New York Times,China extiende su alcance en el Caribe y descoloca a Estados Unidos,=HYPERLINK("https://www.nytimes.com/es/2020/11/09/espanol/america-latina/influencia-china-caribe.html")
The New York Times,El teléfono de un médico suena en tiempos de covid y él llega a tu casa,=HYPERLINK("https://www.nytimes.com/es/2020/11/05/espanol/america-latina/mexico-covid.html")
The New York Times,Joe Biden: los desafíos y prioridades de su política exterior,=HYPERLINK("https://www.nytimes.com/es/2020/11/07/espanol/mundo/biden-politica-exterior.html")
The New York Times,Vacuna contra el coronavirus: Pfizer difunde datos prometedores,=HYPERLINK("https://www.nytimes.com/es/2020/11/09/espanol/ciencia-y-tecnologia/vacuna-pfizer.html")
The New York Times,La odisea para salvar a un cisne: 37 kilómetros a pie| en coche y en metro,=HYPERLINK("https://www.nytimes.com/es/2020/11/12/espanol/estados-unidos/rescate-cisne-metro.html")
The New York Times,Along the Seine| Booksellers Try to Hold Off an Unhappy Ending,=HYPERLINK("https://www.nytimes.com/2020/11/07/world/europe/france-paris-seine-books.html")
The New York Times,A New Front Opens in the Russia-Ukraine Conflict: Borscht,=HYPERLINK("https://www.nytimes.com/2020/11/04/world/europe/russia-ukraine-borscht.html")
The New York Times,In Russia’s Idyllic Wine Country| Dark Tales of Dreams Dashed,=HYPERLINK("https://www.nytimes.com/2020/11/01/world/europe/russia-wine-black-sea.html")
The New York Times,In Azerbaijan| a String of Explosions| Screams and Then Blood,=HYPERLINK("https://www.nytimes.com/2020/10/28/world/europe/azerbaijan-barda-armenia-rockets-karabakh.html")
The New York Times,New Airport| Beleaguered Symbol of ‘Irreverent’ Berlin| Is Opening at Long Last,=HYPERLINK("https://www.nytimes.com/2020/10/24/world/europe/berlin-germany-new-airport.html")
The New York Times,Turkey bans smoking in some public places to ensure proper mask usage.,=HYPERLINK("https://www.nytimes.com/2020/11/12/world/turkey-bans-smoking-in-some-public-places-to-ensure-proper-mask-usage.html")
The New York Times,European Union Unveils Initiative to Stregthen L.G.B.T.Q. Rights,=HYPERLINK("https://www.nytimes.com/video/world/europe/100000007451843/european-union-lgbtq-rights.html")
The New York Times,Britain Won’t Go ‘Back Completely to Normal’ As Virus Cases Increase,=HYPERLINK("https://www.nytimes.com/video/world/europe/100000007451778/britain-covid-lockdown.html")
The New York Times,France Will Not Loosen Covid-19 Restrictions Despite Fewer Cases,=HYPERLINK("https://www.nytimes.com/video/world/europe/100000007451588/france-coronavirus-lockdown.html")
The New York Times,Jerry Rawlings| From Coup-Plotter to Ghanaian Statesman| Dies at 73,=HYPERLINK("https://www.nytimes.com/2020/11/12/world/africa/jerry-rawlings-dead-version.html")
The New York Times,Your Friday Briefing,=HYPERLINK("https://www.nytimes.com/2020/11/12/briefing/hongkong-china-melbourne-afghan-trump-biden.html")
The New York Times,No Unlawful Pay Discrimination at the BBC? A Finding Is Quickly Disputed,=HYPERLINK("https://www.nytimes.com/2020/11/12/business/bbc-pay-discrimination-women.html")
The New York Times,As cases rise and new limits loom| New York officials urge residents to fight fatigue.,=HYPERLINK("https://www.nytimes.com/2020/11/12/world/as-cases-rise-and-new-limits-loom-new-york-officials-urge-residents-to-fight-fatigue.html")
The New York Times,Measles Deaths Soared Worldwide Last Year| as Vaccine Rates Stalled,=HYPERLINK("https://www.nytimes.com/2020/11/12/health/measles-deaths-soared-worldwide-last-year-as-vaccine-rates-stalled.html")
The New York Times,Corey Lewandowski| a Trump campaign adviser| has tested positive for the virus.,=HYPERLINK("https://www.nytimes.com/2020/11/12/world/corey-lewandowski-a-trump-campaign-adviser-has-tested-positive-for-the-virus.html")
The Guardian,US election 2020: Johnson speaks to Biden as supreme court signals Obamacare likely to survive,=HYPERLINK("https://www.theguardian.com/us-news/live/2020/nov/10/us-election-2020-joe-biden-donald-trump-supreme-court-obamacare-affordable-care-act-coronavirus-covid-live-updates")
The Guardian,US election 2020: Johnson speaks to Biden as supreme court signals Obamacare likely to survive,=HYPERLINK("https://www.theguardian.com/us-news/live/2020/nov/10/us-election-2020-joe-biden-donald-trump-supreme-court-obamacare-affordable-care-act-coronavirus-covid-live-updates")
The Guardian,Supreme court  Trump’s justice department to argue for end of Obamacare,=HYPERLINK("https://www.theguardian.com/us-news/2020/nov/10/obamacare-supreme-court-hearing-trump-lawyers-argue-to-end")
The Guardian,Supreme court  Trump’s justice department to argue for end of Obamacare,=HYPERLINK("https://www.theguardian.com/us-news/2020/nov/10/obamacare-supreme-court-hearing-trump-lawyers-argue-to-end")
The Guardian,Analysis  Trump poised to leave legacy of chaos with last-minute foreign policy moves,=HYPERLINK("https://www.theguardian.com/us-news/2020/nov/10/donald-trump-mark-esper-foreign-policy-joe-biden-iran")
The Guardian,Analysis  Trump poised to leave legacy of chaos with last-minute foreign policy moves,=HYPERLINK("https://www.theguardian.com/us-news/2020/nov/10/donald-trump-mark-esper-foreign-policy-joe-biden-iran")
The Guardian,Boris Johnson   Biden win tweet contains hidden Trump congratulations,=HYPERLINK("https://www.theguardian.com/politics/2020/nov/10/johnsons-biden-win-tweet-contains-hidden-trump-congratulations")
The Guardian,Boris Johnson   Biden win tweet contains hidden Trump congratulations,=HYPERLINK("https://www.theguardian.com/politics/2020/nov/10/johnsons-biden-win-tweet-contains-hidden-trump-congratulations")
The Guardian,Boris Johnson  UK prime minister on last chance| say Tory MPs amid bitter infighting,=HYPERLINK("https://www.theguardian.com/politics/2020/nov/12/boris-johnson-on-last-chance-say-tory-mps-after-lee-cain-row")
The Guardian,Myanmar  Aung San Suu Kyi's party returns to power,=HYPERLINK("https://www.theguardian.com/world/2020/nov/13/aung-san-suu-kyis-party-returns-to-power-in-myanmar")
The Guardian,'They forgot the golden goose'  Donald Trump attacks Fox News,=HYPERLINK("https://www.theguardian.com/us-news/2020/nov/13/donald-trump-attacks-fox-news-they-forgot-the-golden-goose")
The Guardian,SeaDream 1  Five passengers test positive for Covid-19 on Caribbean cruise ship,=HYPERLINK("https://www.theguardian.com/world/2020/nov/12/caribbean-cruise-ship-coronavirus-seadream")
The Guardian,Exclusive  Scientist behind BioNTech/Pfizer vaccine says it can end pandemic,=HYPERLINK("https://www.theguardian.com/world/2020/nov/12/scientist-behind-biontech-pfizer-coronavirus-vaccine-says-it-can-end-pandemic")
The Guardian,TikTok  Trump administration appeals court order blocking platform's restrictions,=HYPERLINK("https://www.theguardian.com/technology/2020/nov/12/tiktok-trump-administration-justice-department")
The Guardian,Facebook  Mark Zuckerberg defends not suspending Steve Bannon,=HYPERLINK("https://www.theguardian.com/technology/2020/nov/12/mark-zuckerberg-steve-bannon-facebook-fauci-ban")
The Guardian,Hong Kong  Why are some democracy activists supporting Trump’s bid to cling to power?,=HYPERLINK("https://www.theguardian.com/us-news/2020/nov/13/trump-presidency-hong-kong-pro-democracy-movement")
The Guardian,Migration  More than 110 migrants die in Mediterranean in three days,=HYPERLINK("https://www.theguardian.com/world/2020/nov/12/bodies-of-74-migrants-wash-up-on-libyan-beach")
The Guardian,Netherlands  Dutch police arrest man over Saudi embassy shooting,=HYPERLINK("https://www.theguardian.com/world/2020/nov/12/dutch-police-arrest-man-over-saudi-embassy-shooting")
The Guardian,LGBT rights  EU proposes new rules to protect people amid 'worrying trends',=HYPERLINK("https://www.theguardian.com/world/2020/nov/12/eu-proposes-new-rules-to-protect-lgbtq-people-amid-worrying-trends")
The Guardian,Live  Coronavirus: quarter of deaths in France linked to Covid as US tops 140|000 daily cases,=HYPERLINK("https://www.theguardian.com/world/live/2020/nov/13/coronavirus-live-news-quarter-of-deaths-in-france-linked-to-covid-as-us-tops-140000-daily-cases")
The Guardian,Live  Coronavirus: quarter of deaths in France linked to Covid as US tops 140|000 daily cases,=HYPERLINK("https://www.theguardian.com/world/live/2020/nov/13/coronavirus-live-news-quarter-of-deaths-in-france-linked-to-covid-as-us-tops-140000-daily-cases")
The Guardian,Trump  Billionaire donors contract Covid-19 after downplaying risks,=HYPERLINK("https://www.theguardian.com/world/2020/nov/12/billionaire-trump-donors-covid-19-richard-liz-uihlein")
The Guardian,Trump  Billionaire donors contract Covid-19 after downplaying risks,=HYPERLINK("https://www.theguardian.com/world/2020/nov/12/billionaire-trump-donors-covid-19-richard-liz-uihlein")
The Guardian,Sweden  Surge in Covid cases dashes immunity hopes,=HYPERLINK("https://www.theguardian.com/world/2020/nov/12/covid-infections-in-sweden-surge-dashing-hopes-of-herd-immunity")
The Guardian,Sweden  Surge in Covid cases dashes immunity hopes,=HYPERLINK("https://www.theguardian.com/world/2020/nov/12/covid-infections-in-sweden-surge-dashing-hopes-of-herd-immunity")
The Guardian,France  Professor faces disciplinary case over hydroxychloroquine claims,=HYPERLINK("https://www.theguardian.com/world/2020/nov/12/covid-professor-didier-raoult-hydroxychloroquine")
The Guardian,France  Professor faces disciplinary case over hydroxychloroquine claims,=HYPERLINK("https://www.theguardian.com/world/2020/nov/12/covid-professor-didier-raoult-hydroxychloroquine")
The Guardian,Check her out  How Netflix hit The Queen’s Gambit thrills with fashion,=HYPERLINK("https://www.theguardian.com/tv-and-radio/2020/nov/12/check-her-out-how-netflix-hit-the-queens-gambit-thrills-with-fashion")
The Guardian,Beirut blast| 100 days on  A night of horror| captured by its victims,=HYPERLINK("https://www.theguardian.com/world/ng-interactive/2020/nov/12/beirut-blast-a-night-of-horror-captured-by-its-victims")
The Guardian,'They created a false image'  How the Reagans fooled America,=HYPERLINK("https://www.theguardian.com/tv-and-radio/2020/nov/12/the-reagans-showtime-docuseries")
The Guardian,Neil Diamond's teenage obsessions  The Brooklyn Dodgers betrayed me and broke my heart,=HYPERLINK("https://www.theguardian.com/music/2020/nov/12/neil-diamonds-teenage-obsessions-the-brooklyn-dodgers-betrayed-me-and-broke-my-heart")
The Guardian,The long read  How western travel influencers got tangled up in Pakistan's politics,=HYPERLINK("https://www.theguardian.com/news/2020/nov/12/western-travel-influencers-social-media-pakistan-politics")
The Guardian,Ranked  Katharine Hepburn’s 20 best films,=HYPERLINK("https://www.theguardian.com/film/2020/nov/12/katharine-hepburn-20-best-films-ranked")
The Guardian,UK    No 10 wanted to pull off a Covid briefing – but they called Alok Sharma,=HYPERLINK("https://www.theguardian.com/uk-news/2020/nov/12/no-10-wanted-to-pull-off-a-covid-briefing-but-they-called-alok-sharma")
The Guardian,Europe  Madrid surrealism show offers escape from pandemic reality,=HYPERLINK("https://www.theguardian.com/world/2020/nov/13/madrid-surrealism-show-offers-escape-from-pandemic-reality")
The Guardian,Middle East and North Africa  More than 110 migrants die in Mediterranean in three days,=HYPERLINK("https://www.theguardian.com/world/2020/nov/12/bodies-of-74-migrants-wash-up-on-libyan-beach")
The Guardian,US  Donald Trump attacks Fox News: 'They forgot the golden goose',=HYPERLINK("https://www.theguardian.com/us-news/2020/nov/13/donald-trump-attacks-fox-news-they-forgot-the-golden-goose")
The Guardian,Americas  Trudeau: UK's lack of negotiating practice could delay Canada trade deal,=HYPERLINK("https://www.theguardian.com/world/2020/nov/12/trudeau-upbeat-over-prospects-of-trade-deal-with-uk-by-end-of-year")
The Guardian,Asia Pacific  WHO drops censorship of words 'Taiwan' and 'China' on social media after backlash,=HYPERLINK("https://www.theguardian.com/world/2020/nov/13/who-drops-censorship-of-words-taiwan-and-china-on-social-media-after-backlash")
The Guardian,Australia  Scott Morrison says national cabinet endorses national vaccination policy – live news,=HYPERLINK("https://www.theguardian.com/australia-news/live/2020/nov/13/scott-morrison-national-cabinet-reopen-nsw-victoria-queensland-wa-sa-covid-19-live-news")
The Guardian,Spike in yellow fever deaths prompts Nigeria to revive vaccination campaigns,=HYPERLINK("https://www.theguardian.com/global-development/2020/nov/12/spike-in-yellow-fever-deaths-prompts-nigeria-to-revive-vaccination-campaigns")
The Guardian,Dozens of Sudanese migrants held in Cairo after protests,=HYPERLINK("https://www.theguardian.com/global-development/2020/nov/12/dozens-of-sudanese-migrants-held-in-cairo-after-protests")
The Guardian,Banks around world in joint pledge on 'green recovery' after Covid,=HYPERLINK("https://www.theguardian.com/global-development/2020/nov/11/banks-around-world-in-joint-pledge-on-green-recovery-after-covid")
The Guardian,'Everything buried in mud': Hurricane Eta's devastating blow to Honduras,=HYPERLINK("https://www.theguardian.com/global-development/2020/nov/11/everything-buried-in-mud-hurricane-etas-devastating-blow-to-honduras")
The Guardian,UN warns of impact of smart borders on refugees: ‘Data collection isn't apolitical’,=HYPERLINK("https://www.theguardian.com/global-development/2020/nov/11/un-warns-of-impact-of-smart-borders-on-refugees-data-collection-isnt-apolitical")
The Guardian,Despite her massive mandate| Ardern's agenda will be resolutely middle of the road,=HYPERLINK("https://www.theguardian.com/world/2020/nov/13/despite-her-massive-mandate-arderns-agenda-will-be-resolutely-middle-of-the-road")
The Guardian,What will Mike Pence do next after Trump's election loss?,=HYPERLINK("https://www.theguardian.com/us-news/2020/nov/12/mike-pence-after-trump-election-loss-2024-run-president")
The Guardian,'Downright dangerous': Democrats' alarm as Trump stacks Pentagon with loyalists,=HYPERLINK("https://www.theguardian.com/us-news/2020/nov/11/downright-dangerous-democrat-alarm-as-trump-stacks-pentagon-with-loyalists")
The Guardian,Trump's temper tantrum shows why we must stop praising those who don't accept defeat,=HYPERLINK("https://www.theguardian.com/us-news/commentisfree/2020/nov/11/trumps-temper-tantrum-shows-why-we-must-stop-praising-those-who-dont-accept-defeat")
The Guardian,Dr Anthony Fauci says US in 'very difficult situation' as Covid infections continue to grow – video,=HYPERLINK("https://www.theguardian.com/world/video/2020/nov/13/dr-anthony-fauci-says-us-in-very-difficult-situation-as-covid-infections-continue-to-grow-video")
The Guardian,Nancy Pelosi accuses Republicans of 'refusing to accept reality' of election result – video,=HYPERLINK("https://www.theguardian.com/us-news/video/2020/nov/12/nancy-pelosi-accuses-republicans-of-refusing-to-accept-reality-over-election-result-video")
The Guardian,Turkmenistan leader reveals golden monument to favourite dog breed – video,=HYPERLINK("https://www.theguardian.com/world/video/2020/nov/12/turkmenistan-leader-reveals-golden-monument-to-favourite-dog-breed-video")
The Guardian,Dr Anthony Fauci warns against violent anti-science feeling in polarised US – video,=HYPERLINK("https://www.theguardian.com/science/video/2020/nov/12/dr-anthony-fauci-violent-anti-science-feeling-polarised-us-video")
The Guardian,'Great expectations': how world leaders reacted to Biden and Harris's election win – video,=HYPERLINK("https://www.theguardian.com/us-news/video/2020/nov/12/great-expectations-how-world-leaders-reacted-to-biden-and-harriss-election-win-video")
The Guardian,Typhoon Vamco: torrential rains force evacuations in Philippines – video,=HYPERLINK("https://www.theguardian.com/weather/video/2020/nov/12/typhoon-vamco-torrential-rains-force-evacuations-philippines-video")
The Guardian,Bernie Sanders says Republicans are afraid to stand up to Trump following election loss – video,=HYPERLINK("https://www.theguardian.com/us-news/video/2020/nov/12/bernie-sanders-says-republicans-are-afraid-to-stand-up-to-trump-following-election-loss-video")
The Guardian,November on track to be worst month of pandemic so far in US as cases surge,=HYPERLINK("https://www.theguardian.com/world/2020/nov/12/us-coronavirus-cases-deaths-november")
The Guardian,Billionaire Trump donors contract Covid-19 after downplaying risks,=HYPERLINK("https://www.theguardian.com/world/2020/nov/12/billionaire-trump-donors-covid-19-richard-liz-uihlein")
The Guardian,Scientist behind BioNTech/Pfizer vaccine says it can end pandemic,=HYPERLINK("https://www.theguardian.com/world/2020/nov/12/scientist-behind-biontech-pfizer-coronavirus-vaccine-says-it-can-end-pandemic")
The Guardian,Swedish surge in Covid cases dashes immunity hopes,=HYPERLINK("https://www.theguardian.com/world/2020/nov/12/covid-infections-in-sweden-surge-dashing-hopes-of-herd-immunity")
The Guardian,Live  Coronavirus live news: quarter of deaths in France linked to Covid as US tops 140|000 daily cases,=HYPERLINK("https://www.theguardian.com/world/live/2020/nov/13/coronavirus-live-news-quarter-of-deaths-in-france-linked-to-covid-as-us-tops-140000-daily-cases")
The Guardian,SeaDream 1: five passengers test positive for Covid-19 on Caribbean cruise ship,=HYPERLINK("https://www.theguardian.com/world/2020/nov/12/caribbean-cruise-ship-coronavirus-seadream")
The Guardian,Tribute work to New Zealand's most famous artist sold in London as original,=HYPERLINK("https://www.theguardian.com/world/2020/nov/13/tribute-work-to-new-zealands-most-famous-artist-sold-in-london-as-original")
The Guardian,California becomes second state in US to surpass 1m Covid-19 cases,=HYPERLINK("https://www.theguardian.com/world/2020/nov/12/california-covid-19-cases-1-million-second-state")
The Guardian,Alcoholic anaesthetist jailed for killing Briton during caesarean birth in France,=HYPERLINK("https://www.theguardian.com/world/2020/nov/12/alcoholic-anaesthetist-jailed-for-killing-briton-during-caesarean-birth-in-france")
The Guardian,BioNTech chief rejects Trump claim it delayed Covid vaccine news,=HYPERLINK("https://www.theguardian.com/world/2020/nov/12/biontech-chief-rejects-trump-claim-it-delayed-covid-vaccine-news-pfizer")
RT,European leaders issue bleak reminder that Christmas 2020 won’t be a normal one| despite Covid-19 vaccine euphoria,=HYPERLINK("https://www.rt.com/news/506510-germany-ireland-christmas-warning-covid19/ ")
RT,Teachers in Norway say they’re afraid to show Prophet Mohammed cartoons to students| and worry about personal consequences,=HYPERLINK("https://www.rt.com/news/506486-norway-prophet-cartoons-teachers/ ")
RT,Helicopter with international peacekeepers crashes in Egypt’s Sinai| killing 8 – officials,=HYPERLINK("https://www.rt.com/news/506503-sinai-peacekeepers-crash-egypt-israel/ ")
RT,WATCH: Researchers create virtual reality forests to make danger of climate change ‘more visceral experience’,=HYPERLINK("https://www.rt.com/news/506483-researchers-virtual-forests-climate-change/ ")
RT,Worth a shot: Scientists discover way to quickly clear alcohol from blood by… breathing,=HYPERLINK("https://www.rt.com/news/506471-scientists-clear-alcohol-blood-hyperventilating/ ")
RT,After Jeddah attack| Saudi crown prince vows to strike ‘with iron fist’ anyone threatening kingdom's security,=HYPERLINK("https://www.rt.com/news/506538-saudi-arabia-extremism-iron-fist/ ")
RT,Paris beefs up policing amid ‘lack of respect’ for Covid-19 rules as France mulls tighter lockdown,=HYPERLINK("https://www.rt.com/news/506533-covid-lockdown-policing-france-castex/ ")
RT,German company says its Covid-19 vaccine could be ready for use by September 2021,=HYPERLINK("https://www.rt.com/news/506522-german-company-vaccine-covid-2021/ ")
RT,European leaders issue bleak reminder that Christmas 2020 won’t be a normal one| despite Covid-19 vaccine euphoria,=HYPERLINK("https://www.rt.com/news/506510-germany-ireland-christmas-warning-covid19/ ")
RT,WATCH: Researchers create virtual reality forests to make danger of climate change ‘more visceral experience’,=HYPERLINK("https://www.rt.com/news/506483-researchers-virtual-forests-climate-change/ ")
RT,Helicopter with international peacekeepers crashes in Egypt’s Sinai| killing 8 – officials,=HYPERLINK("https://www.rt.com/news/506503-sinai-peacekeepers-crash-egypt-israel/ ")
RT,WHO complains about ‘onslaught of cyberattacks’ as Taiwan accuses it of online censorship,=HYPERLINK("https://www.rt.com/news/506502-who-spammed-taiwan-page/ ")
RT,Ethiopian PM declares victory after Tigray conflict threatens refugee crisis,=HYPERLINK("https://www.rt.com/news/506500-ethiopia-victory-tigray-conflict/ ")
RT,Teachers in Norway say they’re afraid to show Prophet Mohammed cartoons to students| and worry about personal consequences,=HYPERLINK("https://www.rt.com/news/506486-norway-prophet-cartoons-teachers/ ")
RT,Worth a shot: Scientists discover way to quickly clear alcohol from blood by… breathing,=HYPERLINK("https://www.rt.com/news/506471-scientists-clear-alcohol-blood-hyperventilating/ ")
RT,By allowing expulsion of opposition Hong Kong legislators| China broke treaty with UK – London,=HYPERLINK("https://www.rt.com/news/506491-britain-accuses-china-treaty/ ")
RT,Coronavirus ‘not tired of us|’ WHO chief says as he urges people to remain on high alert,=HYPERLINK("https://www.rt.com/news/506475-who-chief-vigilance-tired/ ")
RT,Keiser Report,=HYPERLINK("https://www.rt.com/shows/keiser-report/ ")
RT,Waiting for the free money to trickle down (E1618),=HYPERLINK("https://www.rt.com/shows/keiser-report/506411-biden-loans-scale-bitcoin/")
RT,CrossTalk,=HYPERLINK("https://www.rt.com/shows/crosstalk/ ")
RT,CrossTalk| QUARANTINE EDITION: Free and fair?,=HYPERLINK("https://www.rt.com/shows/crosstalk/506266-stolen-us-presidential-election/")
RT,Trump has 2 months left to attack Iran| and here’s why he might,=HYPERLINK("https://www.rt.com/op-ed/506476-trump-attack-iran-biden/")
RT,As Florida plans green light for store owners to shoot looters| gunfights at high noon may become the new American reality,=HYPERLINK("https://www.rt.com/op-ed/506481-florida-law-shoot-looters/")
RT,Silencing ‘defund the police’ campaigners is the next big battle in the Democrats’ civil war,=HYPERLINK("https://www.rt.com/op-ed/506485-defund-police-democrats-war/")
RT,Trump looks like he’s toast| so who’s going to take the reins and lead the Republican fightback for 2024?,=HYPERLINK("https://www.rt.com/op-ed/506499-trump-republican-2024-white-house/")
Wall Street Journal,China’s President Xi Jinping Personally Scuttled Jack Ma’s Ant IPO,=HYPERLINK("https://www.wsj.com/articles/china-president-xi-jinping-halted-jack-ma-ant-ipo-11605203556")
Wall Street Journal,Beijing Slams Hong Kong Opposition as U.S. Threatens More Sanctions,=HYPERLINK("https://www.wsj.com/articles/beijing-slams-hong-kong-opposition-as-u-s-threatens-more-sanctions-11605195655")
Wall Street Journal,Several Shots Fired at Saudi Embassy in The Hague,=HYPERLINK("https://www.wsj.com/articles/several-shots-fired-at-saudi-embassy-in-the-hague-netherlands-11605207438")
Wall Street Journal,Five U.S. Troops Killed in Helicopter Crash Near Egypt,=HYPERLINK("https://www.wsj.com/articles/six-u-s-troops-killed-in-helicopter-crash-near-egypt-11605196180")
Wall Street Journal,Global Food Supplies Weather Pandemic,=HYPERLINK("https://www.wsj.com/articles/global-food-supplies-weather-coronavirus-pandemic-11605171950")
Wall Street Journal,Ethiopia’s Escalating Military Offensive Raises Specter of Civil War,=HYPERLINK("https://www.wsj.com/articles/ethiopias-escalating-military-offensive-raises-specter-of-civil-war-11605195730")
Wall Street Journal,Taiwan Curbed Covid-19 but Is Excluded From WHO Meeting,=HYPERLINK("https://www.wsj.com/articles/taiwan-stopped-covid-19s-spread-but-cant-talk-about-it-at-who-meeting-11605182401?mod=world_major_1_pos1")
Wall Street Journal,Hong Kong Opposition Resigns from Legislature Over Latest Beijing Crackdown,=HYPERLINK("https://www.wsj.com/articles/beijing-ousts-four-opposition-lawmakers-in-hong-kong-11605080352?mod=world_major_1_pos2")
Wall Street Journal,Myanmar Holds Election as Transition to Democracy Faces Hurdles,=HYPERLINK("https://www.wsj.com/articles/myanmar-holds-election-as-transition-to-democracy-faces-hurdles-11604808264?mod=world_major_1_pos3")
Wall Street Journal,Europeans Push Tougher Stance on Asylum| Borders After Terrorist Attacks,=HYPERLINK("https://www.wsj.com/articles/europeans-push-tougher-stance-on-asylum-borders-after-terrorist-attacks-11605036382?mod=world_major_1_pos4")
Wall Street Journal,U.K. Sets Plan to Keep Up With New York as Financial Center Post-Brexit ,=HYPERLINK("https://www.wsj.com/articles/u-k-sets-plan-to-keep-up-with-new-york-as-financial-center-after-brexit-11604952230?mod=world_major_1_pos5")
Wall Street Journal,In Italy’s Second Coronavirus Wave| Milan Staggers as Hospitals Fill Up,=HYPERLINK("https://www.wsj.com/articles/in-italys-second-coronavirus-wave-milan-staggers-as-hospitals-fill-up-11604951247?mod=world_major_1_pos6")
Wall Street Journal,Iran’s Enriched Uranium Stockpile Is 12 Times Accord’s Cap—U.N.  Agency ,=HYPERLINK("https://www.wsj.com/articles/irans-enriched-uranium-stockpile-is-more-than-10-times-nuclear-accords-cap-u-n-agency-says-11605120768?mod=world_major_1_pos7")
Wall Street Journal,Bomb Attack in Saudi Arabia Targets Foreign Diplomats ,=HYPERLINK("https://www.wsj.com/articles/bomb-attack-in-saudi-arabia-targets-foreign-diplomats-11605114302?mod=world_major_1_pos8")
Wall Street Journal,Pandemic Prompts Gulf Countries to Adopt More Western Norms ,=HYPERLINK("https://www.wsj.com/articles/pandemic-prompts-gulf-countries-to-adopt-more-western-norms-11605103200?mod=world_major_1_pos9")
Wall Street Journal,South African Corruption Probe Ensnares Ruling Party Heavyweight ,=HYPERLINK("https://www.wsj.com/articles/south-african-corruption-probe-ensnares-ruling-party-heavyweight-11605033531?mod=world_major_2_pos1")
Wall Street Journal,Ivory Coast’s President Wins Controversial Third Term| Sparking Violence Fears,=HYPERLINK("https://www.wsj.com/articles/ivory-coasts-president-wins-third-term-sparking-violence-fears-11604398601?mod=world_major_2_pos2")
Wall Street Journal,Ethiopia Deploys Military to Restive Region| Threatening Country’s Stability,=HYPERLINK("https://www.wsj.com/articles/ethiopia-deploys-military-to-restive-region-threatening-countrys-stability-11604497037?mod=world_major_2_pos3")
Wall Street Journal,Hong Kong Security Law: How Beijing Is Cracking Down,=HYPERLINK("https://www.wsj.com/articles/hong-kong-national-security-law-11605104896?mod=world_major_2_pos4")
Wall Street Journal,China Targets Alibaba| Other Homegrown Tech Giants With Antimonopoly Rules  ,=HYPERLINK("https://www.wsj.com/articles/chinas-regulators-prepare-to-roll-out-new-antimonopoly-rules-11605013205?mod=world_major_2_pos5")
Wall Street Journal,American Citizen Says He Was Denied Refuge in Hong Kong’s U.S. Consulate ,=HYPERLINK("https://www.wsj.com/articles/u-s-citizen-says-he-was-turned-away-after-seekingrefugein-u-s-consulate-in-hong-kong-11604863457?mod=world_major_2_pos6")
Wall Street Journal,Two Dead in Quebec City Stabbing Rampage,=HYPERLINK("https://www.wsj.com/articles/two-dead-in-quebec-city-stabbing-rampage-11604246410?mod=world_major_2_pos7")
Wall Street Journal,Covid-19 Cases Jump in Canada| Prompting New Restrictions ,=HYPERLINK("https://www.wsj.com/articles/covid-19-cases-jump-in-canada-prompting-new-restrictions-11601417303?mod=world_major_2_pos8")
Wall Street Journal,Trudeau Pivots From Scandal With Rebuild of Canadian Economy,=HYPERLINK("https://www.wsj.com/articles/justin-trudeau-pivots-from-scandal-with-rebuild-of-canadian-economy-11600889835?mod=world_major_2_pos9")
Wall Street Journal,Brazil’s President Promised Economic Reform. Now He Is Writing Covid-19 Relief Checks.,=HYPERLINK("https://www.wsj.com/articles/brazils-president-promised-economic-change-now-he-is-writing-covid-19-relief-checks-11605186008?mod=world_minor_pos1")
Wall Street Journal,Brazil to Resume Trials of China’s Sinovac Coronavirus Vaccine,=HYPERLINK("https://www.wsj.com/articles/brazil-to-resume-trials-of-chinas-sinovac-coronavirus-vaccine-11605106957?mod=world_minor_pos2")
Wall Street Journal,Peru’s Manuel Merino Is Sworn In as President ,=HYPERLINK("https://www.wsj.com/articles/perus-manuel-merino-is-sworn-in-as-president-11605024644?mod=world_minor_pos3")
Wall Street Journal,Alibaba’s Singles Day Gets Boost From Pandemic Spending Shift,=HYPERLINK("https://www.wsj.com/video/alibabas-singles-day-gets-boost-from-pandemic-spending-shift/868C7DAA-F76E-44EF-AFCE-BF000A185B2E.html?mod=world_minor_pos4")
Wall Street Journal,Protests Erupt in Peru Over New President,=HYPERLINK("https://www.wsj.com/video/protests-erupt-in-peru-over-new-president/D843D1AC-C6BB-427A-8FF9-FE80FA8590B2.html?mod=world_minor_pos5")
Wall Street Journal,Biden’s China Policy: New President-Elect| Same Tensions,=HYPERLINK("https://www.wsj.com/video/bidens-china-policy-new-president-elect-same-tensions/688FAC78-88AB-4EE4-8CC1-30BB410D02F4.html?mod=world_minor_pos6")
Wall Street Journal,Why BTS Runs the World,=HYPERLINK("https://www.wsj.com/articles/bts-cover-story-interview-be-new-album-dynamite-11605114374")
Wall Street Journal,Opinion: This Election Result Won’t Be Overturned,=HYPERLINK("https://www.wsj.com/articles/this-election-result-wont-be-overturned-11605134335")
Wall Street Journal,States Impose Flurry of Measures as Covid-19 Cases Surge,=HYPERLINK("https://www.wsj.com/articles/as-covid-surges-to-new-levels-across-u-s-states-impose-flurry-of-measures-11605199815")
Wall Street Journal,Biden’s Penchant for Bold Stimulus to Test Deal-Making Skills,=HYPERLINK("https://www.wsj.com/articles/bidens-penchant-for-bold-stimulus-to-test-his-deal-making-skills-11605177000")
Wall Street Journal,China’s President Xi Jinping Personally Scuttled Jack Ma’s Ant IPO,=HYPERLINK("https://www.wsj.com/articles/china-president-xi-jinping-halted-jack-ma-ant-ipo-11605203556")
Wall Street Journal,Biden’s China Policy: New President-Elect| Same Tensions,=HYPERLINK("https://www.wsj.com/video/bidens-china-policy-new-president-elect-same-tensions/688FAC78-88AB-4EE4-8CC1-30BB410D02F4.html")
Wall Street Journal,Alibaba’s Singles Day Gets Boost From Pandemic Spending Shift,=HYPERLINK("https://www.wsj.com/video/alibabas-singles-day-gets-boost-from-pandemic-spending-shift/868C7DAA-F76E-44EF-AFCE-BF000A185B2E.html")
Wall Street Journal,Biden Faces Difficult Task of Picking His Administration,=HYPERLINK("https://www.wsj.com/video/biden-faces-difficult-task-of-picking-his-administration/6B5192A8-AEC8-433C-BF77-9703A8C31982.html")
Wall Street Journal,President Trump Speaks as Vote Count Continues in Presidential Race,=HYPERLINK("https://www.wsj.com/video/president-trump-speaks-as-vote-count-continues-in-presidential-race/2B050A76-9775-43F0-91B3-D0119EAE4989.html")
Wall Street Journal,iPhone 12 Pro Max vs. iPhone 12 vs. Older iPhones: The Camera Review,=HYPERLINK("https://www.wsj.com/video/series/joanna-stern-personal-technology/iphone-12-pro-max-vs-iphone-12-vs-older-iphones-the-camera-review/B933A404-5E0A-41DD-AD9A-CC9366CF6066")
