Website, Headline
BBC World News,Biden widens lead over Trump in decisive state
BBC World News,US awaits result as Biden makes Pennsylvania gains
BBC World News,Why don't we know the result yet?
BBC World News,Italy in regional lockdown amid Europe Covid surge
BBC World News,Ethiopian army mobilises troops to fight in north
BBC World News,EU slaps sanctions on Belarus leader Lukashenko
BBC World News,Bangladesh school welcomes transgender people
BBC World News,US awaits result as Biden makes Pennsylvania gains
BBC World News,Why don't we know the result yet?
BBC World News,Italy in regional lockdown amid Europe Covid surge
BBC World News,Ethiopian army mobilises troops to fight in north
BBC World News,EU slaps sanctions on Belarus leader Lukashenko
BBC World News,Bangladesh school welcomes transgender people
BBC World News,Johnny Depp leaves Fantastic Beasts franchise
BBC World News,South Africa starts deporting African migrants
BBC World News,US sanctions key Lebanon political leader
BBC World News,Fake Covid test certificate gang foiled in France
BBC World News,Anti-terror chief suspended over Vienna errors
BBC World News,Going back in time with Pyongyang's austere hotels
BBC World News,How a 'warm vaccine' could help India tackle Covid
BBC World News,Why there are fears of civil war in Ethiopia
BBC World News,The foul-smelling fuel that could power big ships
BBC World News,'We have nothing... I am in pain'
BBC World News,Trump claims 'interference'| but without evidence
BBC World News,Biden: 'Each ballot must be counted'
BBC World News,'All of a sudden Trump's losing? Come on'
BBC World News,'Stop the count' or 'count the votes'?
BBC World News,Who has the easier path to victory?
BBC World News,Trump's 17-minute speech fact-checked
BBC World News,Results in maps and charts
BBC World News,Election results: The story so far...
BBC World News,When will we know the US election result?
CNN World News,Earth Hour founder to conduct Great Barrier Reef census
CNN World News,Ancient air con to beat the Indian heat
CNN World News,Waterless toilet takes the energy out of waste disposal
CNN World News,Jupiter as you've never seen it before
CNN World News,The world through the eyes of one photographer
CNN World News,The mission to drill through Earth's crust
CNN World News,'It's the most hostile place': Life at the North Pole
CNN World News,Wearable limbs help paralyzed walk again
CNN World News,Meet the smoking-free| carbon-negative country that passes no law unless it improves citizens' well-being
CNN World News,Using hand sanitizer may be giving you a false sense of security
CNN World News,Red Sox re-hiring manager Alex Cora
CNN World News,Report: Steelers fined $350K for mask violations 
CNN World News,Dolphins coach tests positive for COVID-19
CNN World News,NBA to begin new season on December 22
CNN World News,Raiders receive $500K fine for breaking COVID-19 protocols
CNN World News,Study: NFL will take $2.7B profit hit without fans
CNN World News,Refinance rates at 2.39% APR (15yr). Calculate your rate now
CNN World News,Skip this month's payment if you refinance today.
CNN World News,You could save thousands in interest with a cash-out refi
CNN World News,Spend $500| Get $200 with this card
CNN World News,4 cards charging 0% interest until 2022
CNN World News,Results are in: Best credit cards of 2020
CNN World News,Another Amazon? This stock may have similar growth
CNN World News,You'll never guess who just put $91B on 1 5G stock
CNN World News,5 must-have stocks under $49 could be worth $2.2T
The New York Times,As China’s Propaganda Push Continues| Wuhan Emerges as a Star
The New York Times,Attacks in France Point to a Threat Beyond Extremist Networks
The New York Times,U.S. Election Is a High-Stakes Political Struggle. In Russia.
The New York Times,Why Did Ethiopia’s Leader Just Launch Airstrikes on the Tigray Region?
The New York Times,Australia Quiet on First Foreign-Meddling Arrest| but Target Is Clear
The New York Times,An Afghan Mayor Expected to Die. Instead| She Lost Her Father.
The New York Times,A Guaranteed Monthly Check Changed His Life. Now He Sends Out 650.
The New York Times,‘This Is Not Democracy’: Myanmar Prepares for a Troubled Election
The New York Times,In Covid-Wrecked Mexico| One Doctor Tried Humor and Home Visits
The New York Times,Serve Up Some Extra Precautions at Your Thanksgiving Table This Year
The New York Times,The Latest on Kids’ Antibodies
The New York Times,Europe’s Hospital Crunch Grows More Dire| Surpassing Spring Peak
The New York Times,Gene Mater| Champion of Press Freedom| Dies at 93
The New York Times,The C.E.O. Who Promised There Would Be No Layoffs
The New York Times,‘Esto es la guerra’: Polonia se inunda de manifestaciones en contra de una ley que restringe los abortos
The New York Times,Donald Trump y Jair Bolsonaro debilitaron las defensas sanitarias de América Latina contra la COVID-19
The New York Times,‘Nos van a exterminar’: indígenas colombianos enfrentan una ola de violencia
The New York Times,El #MeToo llegó a Irán
The New York Times,Así van los estados clave en un día decisivo para Joe Biden
The New York Times,A New Front Opens in the Russia-Ukraine Conflict: Borscht
The New York Times,In Russia’s Idyllic Wine Country| Dark Tales of Dreams Dashed
The New York Times,In Azerbaijan| a String of Explosions| Screams and Then Blood
The New York Times,New Airport| Beleaguered Symbol of ‘Irreverent’ Berlin| Is Opening at Long Last
The New York Times,She Used to Clean City Hall. Now| She Runs It.
The New York Times,Coronavirus Briefing: What Happened Today
The New York Times,Lous and the Yakuza Makes Music From Her Life’s Darkness
The New York Times,A Good Night for Biden
The New York Times,A lockdown with loopholes: Some flout new restrictions in England.
The New York Times,A nasal spray prevented Covid-19 infection in ferrets| a study finds.
The New York Times,News Quiz: U.S. Election| Sean Connery| International Space Station
The New York Times,Your Friday Briefing
The New York Times,American Tribalism| Australian Reflections
The New York Times,Guatemala Mudslides Kill More Than 50
The New York Times,E.S. Reddy| Who Led U.N.’s Efforts Against Apartheid| Dies at 96
The Guardian,Ethiopia  PM says airstrikes launched against targets in restive Tigray region
The Guardian,Brexit  Johnson and EU commission chief to hold talks before decisive week
The Guardian,'A backlash against a patriarchal culture'  How Polish protests go beyond abortion rights
The Guardian,Johnny Depp  Actor says he has been asked to resign from Fantastic Beasts franchise
The Guardian,Myanmar  Minorities| including Rohingya| excluded from voting in election
The Guardian,Lebanon  US imposes sanctions on country's former foreign minister
The Guardian,Hong Kong  Informers’ hotline receives 2|500 tip-offs within hours
The Guardian,Twitter  Steve Bannon banned for calling for Fauci beheading
The Guardian,Netherlands  Dutch government pilots technology to cut e-bike road deaths
The Guardian,US  Government seizes $1bn in bitcoin linked to Silk Road site
The Guardian,Live  Coronavirus: France reports record 60|486 new cases; Russia saw 9|798 Covid-linked deaths in September
The Guardian,Live  Coronavirus: France reports record 60|486 new cases; Russia saw 9|798 Covid-linked deaths in September
The Guardian,Denmark  Experts urge caution over mink coronavirus scare
The Guardian,Denmark  Experts urge caution over mink coronavirus scare
The Guardian,Slovakia  UK and others look for lessons from mass-testing project
The Guardian,Slovakia  UK and others look for lessons from mass-testing project
The Guardian,Immunity   Response faster and stronger post-infection| scientists say
The Guardian,Immunity   Response faster and stronger post-infection| scientists say
The Guardian,Princess of Wales  Explosive interview with Diana leaves one big question: how was it secured?
The Guardian,Singer| activist| sex machine| addict  The troubled brilliance of Billie Holiday
The Guardian,George Condo    Change can’t just be an idea or a slogan – it has to get real
The Guardian,PlayStation 5 review  Sony’s new console makes a splashy entrance
The Guardian,Ask Annalisa Barbieri  My father-in-law criticises my parenting. How do I deal with that?
The Guardian,Anxiety  How should you deal with stress in 2020? Here’s my advice
The Guardian,UK  Companies House forces business name change to prevent security risk
The Guardian,Europe  Coronavirus live news: France reports record 60|486 new cases; Russia saw 9|798 Covid-linked deaths in September
The Guardian,Middle East and North Africa  US imposes sanctions on Lebanon's former foreign minister
The Guardian,Africa  Ethiopia's PM says airstrikes launched against targets in restive Tigray region
The Guardian,US  US election 2020: Biden edges toward victory with leads over Trump in Nevada and Pennsylvania – live updates
The Guardian,Americas  Deadly Storm Eta lashes Central America – video report
The Guardian,Asia Pacific  Vanuatu pioneers digital cash as disaster relief
The Guardian,Australia  Sydney university staff found to be working nearly a day a week unpaid
The Guardian,More than 40 fleeing Mozambique violence feared dead after boat sinks
The Guardian,Uganda elections: on the campaign trail with the country’s rudest feminist
The Guardian,Child labour doesn’t have to be exploitation – it gave me life skills
The Guardian,Lahore’s metro line opened to fanfare – but what is the real cost of China's 'gift'?
The Guardian,'Don't stop the music': songs bring hope to a Nigerian psychiatric unit
The Guardian,When Donald Trump is peddling outrageous lies| where is the line between reporting and enabling?
The Guardian,How UK government misrepresented Covid projections – explained
The Guardian,Macron's task is to show French Muslims they have a place in the republic
The Guardian,Paths to US election victory: what Trump and Biden need to win
The Guardian,Philadelphia mayor tells Trump to accept he lost – video
The Guardian,Georgia's secretary of state announces election vote recount – video
The Guardian,Trump| McCain| Bush and Carter: different reactions to bad election results – video
The Guardian,'You can't stop the revolution': rival protesters converge in Philadelphia – video
The Guardian,Shakespeare and Company bookshop in Paris appeals for help – in pictures
The Guardian,Trump repeats baseless election fraud claims as Biden calls for calm – video report
The Guardian,Vanuatu faces economic hurdles as natural disaster recovery continues – video
The Guardian,Live  Coronavirus live news: France reports record 60|486 new cases; Russia saw 9|798 Covid-linked deaths in September
The Guardian,Family mourning loss of three members to Covid targeted by social media trolls
The Guardian,Experts urge caution over Denmark's mink coronavirus scare
The Guardian,Dutch government pilots technology to cut e-bike road deaths
The Guardian,Covid immune response faster and stronger post-infection| scientists say
The Guardian,How UK government misrepresented Covid projections – explained
The Guardian,Arctic time capsule from 2018 washes up in Ireland as polar ice melts
The Guardian,'A backlash against a patriarchal culture': How Polish protests go beyond abortion rights
The Guardian,Hong Kong informers’ hotline receives 2|500 tip-offs within hours
The Guardian,Spain announces plans for flying taxi service in Barcelona
RT,Bolivia’s president-elect survives dynamite attack at party’s headquarters
RT,Lebanon’s former FM Gebran Bassil hit by US sanctions over alleged corruption & Hezbollah support
RT,French Muslims STAND GUARD outside Catholic church in show of solidarity with Christians following terrorist attacks
RT,China condemns US for ‘whitewashing’ terrorist organizations after dropping Islamic extremist group’s designation
RT,Right-wing activists hold TORCH-LIT protest in Vienna| Austria after deadly terrorist attack (VIDEO)
RT,Lebanon’s former FM Gebran Bassil hit by US sanctions over alleged corruption & Hezbollah support
RT,China condemns US for ‘whitewashing’ terrorist organizations after dropping Islamic extremist group’s designation
RT,Pay people to take Covid-19 vaccine argues leading ethicist| though others warn it would set ‘dangerous precedent’
RT,French Muslims STAND GUARD outside Catholic church in show of solidarity with Christians following terrorist attacks
RT,Vienna's anti-terrorism chief suspended after deadly attack in Austrian capital
RT,'Stop trying to be Woke Foods': Critics slam supermarket chain as Canadian staff told they can't wear Remembrance poppy
RT,Poll shows 57% of young Muslims in France believe Sharia law more important than national law
RT,India wants status quo restored on China border| military chief says| warning confrontations may lead to larger conflict
RT,US is ‘not a one man show’: German FM warns Trump not to ‘add fuel to fire’ over election result
RT,Facebook purge: 10|000 profiles from 13 countries| including the US| deleted for ‘coordinated inauthentic behavior’
RT,Beijing denies ever meddling in other countries’ affairs as Australia prosecutes man with suspected China links
RT,‘Impossible’ breakthrough sees scientists successfully regrow optic nerve cells
RT,Keiser Report
RT,We have a winner! (E1615)
RT,CrossTalk
RT,CrossTalk| QUARANTINE EDITION: After the election| now what?
RT,So we’re racist because Biden didn’t get a landslide victory? That just shows how much the elite and the media hate Americans
RT,US’ seal of approval for jihadist terrorist group is designed to cause chaos and unrest in China
RT,Streamlining sanctions against ‘rogue’ EU nations| European Commission bullies them into surrendering their sovereignty for money
RT,Woke witch-finders hunt actual witches over offending the disabled in the latest adaptation of Roald Dahl’s classic
